{
  "length": {
    "in": {
      "in": 1,
      "ft": 0.0833333,
      "yd": 0.0277778,
      "mi": 1.5783e-5,
      "cm": 2.54,
      "m": 0.0254,
      "km": 2.54e-5
    },
    "ft": {
      "in": 12,
      "ft": 1,
      "yd": 0.333333,
      "mi": 0.000189394,
      "cm": 30.48,
      "m": 0.3048,
      "km": 0.0003048
    },
    "yd": {
      "in": 36,
      "ft": 3,
      "yd": 1,
      "mi": 0.000568182,
      "cm": 91.44,
      "m": 0.9144,
      "km": 0.0009144
    },
    "mi": {
      "in": 63360,
      "ft": 5280,
      "yd": 1760,
      "mi": 1,
      "cm": 160934,
      "m": 1609.34,
      "km": 1.60934
    },
    "cm": {
      "in": 0.393701,
      "ft": 0.0328084,
      "yd": 0.0109361,
      "mi": 6.2137e-6,
      "cm": 1,
      "m": 0.01,
      "km": 1e-5
    },
    "m": {
      "in": 39.3701,
      "ft": 3.28084,
      "yd": 1.09361,
      "mi": 0.000621371,
      "cm": 100,
      "m": 1,
      "km": 0.001
    },
    "km": {
      "in": 39370.1,
      "ft": 3280.84,
      "yd": 1093.61,
      "mi": 0.621371,
      "cm": 100000,
      "m": 1000,
      "km": 1
    }
  },
  "area": {
    "in2": {
      "in2": 1,
      "ft2": 0.00694444,
      "yd2": 0.000771605,
      "mile2": 2.491e-10,
      "ac": 1.5942e-7,
      "cm2": null,
      "m2": 0.00064516,
      "km2": 6.4516e-10,
      "ha": 6.4516e-8
    },
    "ft2": {
      "in2": 144,
      "ft2": 1,
      "yd2": 0.111111,
      "mile2": 3.587e-8,
      "ac": 2.2957e-5,
      "cm2": null,
      "m2": 0.092903,
      "km2": 9.2903e-8,
      "ha": 9.2903e-6
    },
    "yd2": {
      "in2": 1296,
      "ft2": 9,
      "yd2": 1,
      "mile2": 3.2283e-7,
      "ac": 0.000206612,
      "cm2": null,
      "m2": 0.836127,
      "km2": 8.3613e-7,
      "ha": 8.3613e-5
    },
    "mile2": {
      "in2": 4.014e+9,
      "ft2": 2.788e+7,
      "yd2": 3.098e+6,
      "mile2": 1,
      "ac": 640,
      "cm2": null,
      "m2": 2.59e+6,
      "km2": 2.58999,
      "ha": 258.999
    },
    "ac": {
      "in2": 6.273e+6,
      "ft2": 43560,
      "yd2": 4840,
      "mile2": 0.0015625,
      "ac": 1,
      "cm2": null,
      "m2": 4046.86,
      "km2": 0.00404686,
      "ha": 0.404686
    },
    "cm2": {
      "in2": null,
      "ft2": null,
      "yd2": null,
      "mile2": null,
      "ac": null,
      "cm2": 1,
      "m2": null,
      "km2": null,
      "ha": null
    },
    "m2": {
      "in2": 1550,
      "ft2": 10.7639,
      "yd2": 1.19599,
      "mile2": 3.861e-7,
      "ac": 0.000247105,
      "cm2": null,
      "m2": 1,
      "km2":1e-6,
      "ha": 1e-4
    },
    "km2": {
      "in2": 1.55e+9,
      "ft2": 1.076e+7,
      "yd2": 1.196e+6,
      "mile2": 0.386102,
      "ac": 1e+6,
      "cm2": null,
      "m2": 1e+6,
      "km2": 1,
      "ha": 100
    },
    "ha": {
      "in2": 1.55e+7,
      "ft2": 107639,
      "yd2": 11959.9,
      "mile2": 0.00386102,
      "ac": 2.47105,
      "cm2": null,
      "m2": 10000,
      "km2": 0.01,
      "ha": 1
    }
  },
  "mass": {
    "oz": {
      "oz": 1,
      "lb": 0.0625,
      "tn": 3.125e-5,
      "g": 28.3495,
      "kg": 0.0283495,
      "t": 2.835e-5
    },
    "lb": {
      "oz": 16,
      "lb": 1,
      "tn": 0.0005,
      "g": 453.592,
      "kg": 0.453592,
      "t": 0.000453592
    },
    "tn": {
      "oz": 32000,
      "lb": 2000,
      "tn": 1,
      "g": 907185,
      "kg": 907.185,
      "t": 0.907185
    },
    "g": {
      "oz": 0.035274,
      "lb": 0.00220462,
      "tn": 1.1023e-6,
      "g": 1,
      "kg": 0.001,
      "t": 1e-6
    },
    "kg": {
      "oz": 35.274,
      "lb": 2.20462,
      "tn": 0.00110231,
      "g": 1000,
      "kg": 1,
      "t": 0.001
    },
    "t": {
      "oz": 35274,
      "lb": 2204.62,
      "tn": 1.10231,
      "g": 1e+6,
      "kg": 1000,
      "t": 1
    }
  },
  "volume": {
    "tsp": {
      "tsp": 1,
      "Tbsp": 0.333333,
      "in3": 0.300781,
      "fl_oz": 0.166667,
      "c": 0.0205372,
      "pt": 0.0104167,
      "qt": 0.00520833,
      "gal": 0.00130208,
      "ft3": 0.000174063,
      "yd3": null,
      "mL": 4.92892,
      "L": 0.00492892,
      "m3": 4.9289e-6
    },
    "Tbsp": {
      "tsp": 3,
      "Tbsp": 1,
      "in3": 0.902344,
      "fl_oz": 0.5,
      "c": 0.0616115,
      "pt": 0.03125,
      "qt": 0.015625,
      "gal": 0.00390625,
      "ft3": 0.00052219,
      "yd3": null,
      "mL": 14.7868,
      "L": 0.0147868,
      "m3": 1.4787e-5
    },
    "in3": {
      "tsp": 3.32468,
      "Tbsp": 1.10823,
      "in3": 1,
      "fl_oz": 0.554113,
      "c": 0.0682794,
      "pt": 0.034632,
      "qt": 0.017316,
      "gal": 0.004329,
      "ft3": 0.000578704,
      "yd3": null,
      "mL": 16.3871,
      "L": 0.0163871,
      "m3": 1.6387e-5
    },
    "fl_oz": {
      "tsp": 6,
      "Tbsp": 2,
      "in3": 1.80469,
      "fl_oz": 1,
      "c": 0.123223,
      "pt": 0.0625,
      "qt": 0.03125,
      "gal": 0.0078125,
      "ft3": 0.00104438,
      "yd3": null,
      "mL": 29.5735,
      "L": 0.0295735,
      "m3": 2.9574e-5
    },
    "c": {
      "tsp": 48.6922,
      "Tbsp": 16.2307,
      "in3": 14.6457,
      "fl_oz": 8.11537,
      "c": 1,
      "pt": 0.50721,
      "qt": 0.253605,
      "gal": 0.0634013,
      "ft3": 0.0634013,
      "yd3": null,
      "mL": 240,
      "L": 0.24,
      "m3": 0.00024
    },
    "pt": {
      "tsp": 96,
      "Tbsp": 32,
      "in3": 28.875,
      "fl_oz": 16,
      "c": 1.97157,
      "pt": 1,
      "qt": 0.5,
      "gal": 0.125,
      "ft3": 0.0167101,
      "yd3": null,
      "mL": 473.176,
      "L": 0.473176,
      "m3": 0.000473176
    },
    "qt": {
      "tsp": 192,
      "Tbsp": 64,
      "in3": 57.75,
      "fl_oz": 32,
      "c": 3.94314,
      "pt": 2,
      "qt": 1,
      "gal": 0.25,
      "ft3": 0.0334201,
      "yd3": null,
      "mL": 946.353,
      "L": 0.946353,
      "m3": 0.000946353
    },
    "gal": {
      "tsp": 768,
      "Tbsp": 256,
      "in3": 231,
      "fl_oz": 128,
      "c": 15.7725,
      "pt": 8,
      "qt": 4,
      "gal": 1,
      "ft3": 0.133681,
      "yd3": null,
      "mL": 3785.41,
      "L": 3.78541,
      "m3": 0.00378541
    },
    "ft3": {
      "tsp": 5745.04,
      "Tbsp": 1915.01,
      "in3": 1728,
      "fl_oz": 957.506,
      "c": 117.987,
      "pt": 117.987,
      "qt": 29.9221,
      "gal": 7.48052,
      "ft3": 1,
      "yd3": null,
      "mL": 28316.8,
      "L": 28.3168,
      "m3": 28.3168
    },
    "yd3": {
      "tsp": null,
      "Tbsp": null,
      "in3": null,
      "fl_oz": null,
      "c": null,
      "pt": null,
      "qt": null,
      "gal": null,
      "ft3": null,
      "yd3": 1,
      "mL": null,
      "L": null,
      "m3": null
    },
    "mL": {
      "tsp": 0.202884,
      "Tbsp": 0.067628,
      "in3": 0.0610237,
      "fl_oz": 0.033814,
      "c": 0.00416667,
      "pt": 0.00211338,
      "qt": 0.00105669,
      "gal": 0.000264172,
      "ft3": 3.5315e-5,
      "yd3": null,
      "mL": 1,
      "L": 0.001,
      "m3": 1e-6
    },
    "L": {
      "tsp": 202.884,
      "Tbsp": 67.628,
      "in3": 61.0237,
      "fl_oz": 33.814,
      "c": 33.814,
      "pt": 2.11338,
      "qt": 1.05669,
      "gal": 0.264172,
      "ft3": 0.0353147,
      "yd3": null,
      "mL": 1000,
      "L": 1,
      "m3": 0.001
    },
    "m3": {
      "tsp": 202884,
      "Tbsp": 67628,
      "in3": 61023.7,
      "fl_oz": 33814,
      "c": 4166.67,
      "pt": 2113.38,
      "qt": 1056.69,
      "gal": 264.172,
      "ft3": 35.3147,
      "yd3": null,
      "mL": 1e+6,
      "L": 1000,
      "m3": 1
    }
  },
  "temperature": {
    "°F": { "°F": 1, "°C": null, "K": null },
    "°C": { "°F": null, "°C": 1, "K": null },
    "K": { "°F": null, "°C": null, "K": 1 }
  }
}
